{"cameraMode":{"drawMode":0,"name":"Shaded","section":"Shading Mode"},"sceneLighting":false,"audioPlay":false,"sceneViewState":{"m_AlwaysRefresh":false,"showFog":true,"showSkybox":true,"showFlares":true,"showImageEffects":true,"showParticleSystems":true,"showVisualEffectGraphs":true,"m_FxEnabled":true},"in2DMode":false,"pivot":{"x":594.6956787109375,"y":454.75421142578127,"z":659.5286865234375},"rotation":{"x":0.011965119279921055,"y":-0.9872947335243225,"z":0.1298888474702835,"w":0.0908796638250351},"size":2.0552515983581545,"orthographic":false}