{"cameraMode":{"drawMode":0,"name":"Shaded","section":"Shading Mode"},"sceneLighting":false,"audioPlay":false,"sceneViewState":{"m_AlwaysRefresh":false,"showFog":true,"showSkybox":true,"showFlares":true,"showImageEffects":true,"showParticleSystems":true,"showVisualEffectGraphs":true,"m_FxEnabled":true},"in2DMode":false,"pivot":{"x":471.20025634765627,"y":230.8619842529297,"z":569.5713500976563},"rotation":{"x":-0.003386290278285742,"y":0.9952812790870667,"z":-0.03764963150024414,"w":-0.08951625227928162},"size":0.02369864657521248,"orthographic":false}