{"cameraMode":{"drawMode":0,"name":"Shaded","section":"Shading Mode"},"sceneLighting":true,"audioPlay":false,"sceneViewState":{"m_AlwaysRefresh":false,"showFog":true,"showSkybox":true,"showFlares":true,"showImageEffects":true,"showParticleSystems":true,"showVisualEffectGraphs":true,"m_FxEnabled":true},"in2DMode":false,"pivot":{"x":369.91973876953127,"y":63.68680953979492,"z":-153.91973876953126},"rotation":{"x":0.06221669167280197,"y":0.11709588766098023,"z":0.007350555621087551,"w":-0.9911437034606934},"size":188.44342041015626,"orthographic":false}