{"cameraMode":{"drawMode":0,"name":"Shaded","section":"Shading Mode"},"sceneLighting":false,"audioPlay":false,"sceneViewState":{"m_AlwaysRefresh":false,"showFog":true,"showSkybox":false,"showFlares":true,"showImageEffects":true,"showParticleSystems":true,"showVisualEffectGraphs":true,"m_FxEnabled":true},"in2DMode":false,"pivot":{"x":-253.04002380371095,"y":-830.0411987304688,"z":-72.21599578857422},"rotation":{"x":0.0008150690700858831,"y":0.999786376953125,"z":-0.017991507425904275,"w":0.019121674820780755},"size":3.480497360229492,"orthographic":false}